respondent_id,predicted_class,probability_vaccinated
15772,0,0.11213549093178918
9407,0,0.10642684909164869
16515,0,0.10778430284883919
23353,0,0.14690110306855433
10008,0,0.08898090504246832
11635,1,0.6601891176124545
19331,0,0.19263737525510194
10221,0,0.3390000148831603
23327,0,0.09379546335798908
16569,1,0.5487990036286915
2641,1,0.597512366161345
7302,0,0.0846332143747211
6027,0,0.05849040973728518
25458,0,0.08384496419056132
15714,0,0.06422373824503137
4814,0,0.08557983709142655
19535,0,0.3280825568263087
17407,0,0.08055561156732992
7757,0,0.071899724333835
9712,0,0.23059369943680189
6545,1,0.6920586312717348
5706,0,0.09070699609111944
866,0,0.09660556812550718
15130,0,0.11806635368229099
17979,0,0.1754953780471668
11291,0,0.05713396761907506
9822,0,0.12949610327995445
24316,0,0.35713619086798204
18927,0,0.06632044010068547
19432,0,0.14854913089375388
16349,0,0.09850929002790944
21383,0,0.23970531080681984
4254,0,0.08415208695961779
10052,0,0.15707937037846917
9538,0,0.04364576967489565
4932,0,0.1273154278161484
9073,0,0.2948160096792602
2240,1,0.7949148641983141
24894,0,0.13890043964410623
14913,0,0.06711663993517183
8739,0,0.10919764480748827
18385,0,0.34685293310921705
7568,0,0.08597232012778491
13876,0,0.06959546392587994
13838,0,0.30071506230612244
9693,0,0.044815981606929206
5115,0,0.08225464797182734
6508,0,0.11349075657994419
12167,0,0.17806807722531004
8255,0,0.3846126378027039
752,0,0.3424104652832988
10091,0,0.1886664785638257
423,0,0.2518580537719497
9421,0,0.08176918356660332
22378,0,0.10087393685605434
14619,0,0.12798065051532329
18811,0,0.3245575248025603
1710,0,0.11006289995550377
7451,0,0.4026235889570625
4043,0,0.47171419816966514
10235,0,0.33539020574931405
20214,0,0.18816009407395973
12562,0,0.08493828795728131
8100,0,0.14061926408971462
21297,0,0.255104031104862
474,0,0.2165740499242917
8703,0,0.14144962778537146
16248,0,0.17783096021983544
8829,0,0.06287697989785053
8617,0,0.10521892751579238
8735,1,0.5134976245763682
2129,0,0.061374650759511686
2171,0,0.44602252465235964
7918,0,0.14858772602141057
16736,0,0.16876902620670123
21613,0,0.07071110647761514
22571,0,0.07278725715341254
13153,0,0.12805591164983032
4322,0,0.13076840698923173
12094,0,0.12323612698500692
25560,0,0.08165761007410831
24016,0,0.1677029066271141
19748,0,0.04125419990223009
13202,0,0.10137950422873195
5019,0,0.46424093748588474
2119,0,0.13043841735068562
26236,0,0.06497845129243897
6388,0,0.17592878454352004
15902,0,0.08572584359890763
18750,0,0.4476906742674667
23791,0,0.3253417010740102
24163,1,0.5760576788016135
1668,0,0.10409273645506001
10581,0,0.09133496333356955
250,0,0.40653477479352806
8647,0,0.04738380794810745
26408,0,0.33776513213367465
17507,0,0.3864568114668094
14649,0,0.31386744716754744
26388,0,0.10347579526143864
26088,0,0.09493716252795525
20698,0,0.06508400664826838
25832,0,0.05165076270020493
11506,0,0.049469186577168346
3492,0,0.04526783093722498
5727,0,0.10268183607309533
20956,0,0.07156606167939254
9384,0,0.06271393893654456
19082,0,0.059765972109468046
22883,0,0.12669476570998836
22784,0,0.24933030223148983
6921,0,0.3469851553830545
24930,1,0.5215639512272816
1837,0,0.07815865971680384
10324,0,0.167289640672194
17746,0,0.06983871114270979
7502,1,0.6133966003267848
5006,0,0.3872204205616182
13174,0,0.4717347377704462
14795,0,0.23683623502364473
10658,0,0.18697376629653426
2275,1,0.6662138030032986
7650,0,0.1591090974773811
2516,0,0.08295355418926974
16953,0,0.4511647411305666
19689,0,0.10347711923479702
24733,0,0.10083475756558474
21884,0,0.4240151717810648
24383,0,0.08130907766433715
11621,0,0.1000816712816957
19822,0,0.35277492994752424
12660,0,0.26801935690757706
11204,1,0.6934152201295533
7049,0,0.368996105664994
23722,0,0.0684862528162737
8504,0,0.14267692705254573
4202,1,0.7045662105187823
24524,1,0.6421783188657634
13447,1,0.7009665349998371
15429,0,0.10716688226744703
21743,0,0.10457553533366949
22418,0,0.064543937493263
15584,0,0.16471641771571224
6909,0,0.13909517170972927
17169,0,0.09900727867673619
1610,1,0.5107764970695707
5545,0,0.04915311349848984
14667,0,0.19827199348692812
3108,1,0.5000251364145217
24223,0,0.1811716787622518
10646,0,0.20116159590180702
1805,0,0.2565547007247629
12643,1,0.7230661687555974
7811,0,0.17846972957936863
2973,0,0.06302268011258763
25757,0,0.1802124973678633
12794,0,0.30475154948351585
3169,0,0.43145828631784483
14990,0,0.17287634508362973
3919,0,0.05425746368493005
13943,0,0.1137427344040247
22850,0,0.3537485315917684
19002,0,0.4219580711895166
22184,0,0.445641469591091
10397,0,0.08865274660367554
12188,0,0.1314613758314019
25664,0,0.05941290641984142
21336,0,0.2662688389073211
5508,0,0.05563329607282531
15218,0,0.07394505935901742
9520,0,0.13276141415778878
18936,0,0.07398762599995377
5225,0,0.05925265878551562
14832,0,0.07301395054850304
19698,0,0.29199708599125157
23027,0,0.3573924498048651
9050,0,0.0624282848434276
23758,0,0.07295930607293817
16341,0,0.11614402853869164
25067,0,0.055490715110363326
19752,0,0.06463351469453013
3840,0,0.05102902994664978
18276,1,0.5783328954600916
15597,0,0.030985735094130898
12909,0,0.0542538109950206
8295,0,0.15746460571478677
23022,0,0.09755195724041195
25880,0,0.33428712028233293
6352,0,0.4597072394647232
20002,0,0.04214248015786429
9392,0,0.27517948988194674
24598,0,0.12011014190815
17664,1,0.5998557407408639
14570,0,0.19036117093525567
10274,0,0.05063023237147145
14522,0,0.09433470793488054
14615,1,0.5812654814052008
4178,1,0.5978600881241968
15609,0,0.1178508001613138
25552,0,0.18194228186485156
12865,1,0.7144029231339232
6400,0,0.13867741401140357
196,0,0.34759310541838806
26107,0,0.21251601720918242
23759,0,0.13868443544114825
12505,0,0.08304246704006304
5018,0,0.056131549900304625
3585,0,0.08444816456330315
18132,0,0.037491563594069306
21578,0,0.06010777980633087
13614,0,0.4183250307755236
17435,0,0.12132343936141743
18128,0,0.0660675674644523
4296,0,0.11778771610014421
20971,0,0.23232940575668617
15834,1,0.7759812699503178
15634,0,0.1575456851175571
11448,1,0.6083305963273922
16359,0,0.11112344883864189
9093,0,0.08082159879894629
5354,0,0.0946042002055544
6562,0,0.10328603791213865
21994,0,0.0699531733275444
2579,1,0.6751375168284482
15000,0,0.06641149515595962
23261,1,0.5097267166778857
11794,0,0.10914091859591618
23512,0,0.1329532025034931
9375,0,0.09082464625457282
22441,0,0.1969697910699601
428,0,0.13033340200105129
6440,0,0.12593931191783056
3547,0,0.1451873389710344
1412,0,0.12116367659833607
11674,0,0.058962086859913665
2281,0,0.06606861543551903
4344,0,0.2589707364530517
12051,0,0.32763804030140187
25606,0,0.07454245291501413
7567,0,0.06935057076898105
6604,0,0.1309087995336607
26061,1,0.6488655219035969
7112,0,0.2274472081260337
20787,0,0.1416807730969852
16337,0,0.2843809650728226
15461,1,0.6227006149097296
2592,0,0.08860730806596559
10504,0,0.48921127107276285
16647,0,0.32551670817536277
5516,0,0.05616134352159905
16863,0,0.1359151038310448
2325,1,0.5917095130768628
20860,0,0.19911165064969336
19428,0,0.14282930271066768
943,0,0.3005104182058915
9345,0,0.05995254254435647
8513,0,0.31661378615493335
24866,0,0.21767692559936092
4989,0,0.08184736766013122
9683,0,0.04253970194975237
8149,0,0.15154642077281255
18930,0,0.1281892954083463
13083,0,0.42967085605964994
4343,0,0.06504737696751982
26096,0,0.16692283688307302
14358,0,0.10789359531042245
21124,0,0.05434582985043074
21359,0,0.04135603258884591
23205,0,0.11703426604764947
23010,0,0.10654898732385665
15099,0,0.12233599471948801
18933,0,0.07579169974127786
14884,1,0.6170887161047851
5343,0,0.15945701802903767
12176,0,0.1565314042589529
15009,0,0.13882856955484624
25491,0,0.18372404139608828
6248,0,0.3554529014533272
17180,1,0.7349113359528051
24199,0,0.10896830842496087
3272,0,0.18644016047467488
10329,1,0.655838342293744
23390,0,0.36020293216700083
21153,0,0.07365254260019921
11782,0,0.17031408167989728
17666,0,0.3691185938074967
22112,0,0.12372625591518029
4469,1,0.6071313572267532
5135,0,0.06097740851065659
25549,0,0.19265424955962884
8928,1,0.529226475043563
8470,1,0.6959141965073248
5306,0,0.1028535984489648
23836,0,0.3677275976838157
16951,1,0.5990778653065051
22744,0,0.09854587548594855
5841,0,0.12821636498100147
8607,0,0.07897989599059198
23405,0,0.08457726961387597
23216,0,0.40391072863962235
4047,0,0.297914835816108
4519,0,0.07720202315928457
22123,0,0.08390890382923466
13706,0,0.09731706976746336
323,0,0.19143395205703936
3362,0,0.1154325508153719
24910,0,0.1198014431367317
16329,0,0.47222627545848783
18835,0,0.18228078608816042
23998,0,0.24288150156494306
17048,0,0.4092407756457035
21723,0,0.2400996148356611
10168,0,0.10803691190393228
21104,0,0.09265965091264342
22011,0,0.32991405788776645
19093,0,0.14435117518415902
17963,0,0.197030598588558
7363,0,0.07290048333738457
5485,0,0.07602350603140161
5464,1,0.6328738133349454
8641,0,0.3487753034144282
24758,0,0.15485830235926537
10495,0,0.10807510552619286
11507,0,0.35406032979469976
4990,0,0.12786270882572373
11402,0,0.23832350162801144
640,0,0.476476199934449
9870,0,0.11294744267210692
12214,0,0.06779162858318954
5963,0,0.2444367513966889
13823,0,0.13622303024042115
19525,0,0.08284375000601907
3308,0,0.061863665013887605
11537,1,0.6857322462299706
25244,0,0.19598057021708215
19733,0,0.08979590213869303
26477,0,0.2310726675840354
775,0,0.4661238745807003
15002,0,0.19863251961076892
491,0,0.07690430855826219
16164,0,0.18357493570165231
8842,1,0.5714641839574055
15024,1,0.5621369908573073
1512,0,0.09953442337023749
13040,1,0.681098911746341
13124,0,0.03611229296836221
6316,1,0.5492992329148938
24397,1,0.6234503688732795
9298,0,0.07850868870847809
25063,0,0.24600743738966935
12387,0,0.08002400809089012
19548,0,0.31411661296209936
1804,1,0.543931049005439
10385,0,0.16126618179249788
8925,0,0.16245474374018812
18797,0,0.14000424050749996
17946,0,0.06929551735842582
8874,0,0.07675945598373944
7969,0,0.05108772364937598
18926,0,0.17777639392598776
6188,0,0.12704392351719954
10670,0,0.12030031611659651
12299,1,0.739884207820559
16837,0,0.2711932910046572
20247,0,0.17886740867149753
19491,0,0.04320332016956083
14707,1,0.5682754578120653
26414,0,0.11734131669048618
2830,0,0.17047775858680222
20718,0,0.04498347190324473
13063,0,0.05919929018753839
15165,0,0.11009161302565486
15224,0,0.18354972573405617
5453,0,0.05045443425690012
25178,0,0.1898569205065247
10483,0,0.06875617733160305
3725,0,0.1327243715480682
7780,0,0.044101201236444496
16151,0,0.04798937603981026
13437,0,0.06614420210461022
17581,0,0.3629055893344341
14699,0,0.10427489467666837
24151,0,0.28141465763240614
1087,0,0.26062321676304084
12014,0,0.10160321347226749
5514,0,0.3713002076672207
9103,0,0.1885694755493291
21286,0,0.08334006477882318
7672,0,0.2149663201056616
9188,0,0.10670639924449828
8460,1,0.526292261055222
8478,1,0.5009474827926547
23529,0,0.2157923873691487
21630,0,0.4101050913080323
15877,0,0.2610753735137649
11822,0,0.1327708910672033
20658,0,0.17653281431705767
15362,0,0.059231973762047314
10194,0,0.07445639503765084
23039,0,0.11795971053637326
24435,0,0.09551307169613636
24902,0,0.055153790080758276
20782,0,0.0730639406801188
26373,0,0.12601263181730799
8187,0,0.08295040609079797
18191,0,0.3915567094557934
25681,0,0.19636125234084673
1530,0,0.161896073975525
5720,0,0.05113595145868117
19243,0,0.3378574060891303
14725,0,0.06776906290127375
243,0,0.0568846504130871
19224,0,0.4162836439031136
8922,0,0.1079315853050849
4391,0,0.14174728218676388
24852,0,0.08505347927206916
8410,0,0.17074555529030913
4229,0,0.3803871196888701
9433,0,0.06948141246364792
17152,0,0.3559636756572042
19865,0,0.3842207404750733
6667,0,0.08331884194604681
9971,0,0.3200710603807365
22255,0,0.04763819609753768
23553,0,0.07879441419808333
1662,0,0.25548808482966145
14975,0,0.07331103631001977
7703,0,0.14324906685703404
25387,0,0.14399209626638265
6595,0,0.2132250221960522
1246,0,0.10084007168551738
9237,0,0.10452319036275587
3184,0,0.12676439807986276
1202,0,0.04833720405274544
516,1,0.7817593959208301
24398,0,0.13226859585417997
14959,1,0.707800059040651
8337,0,0.05047750214502231
14186,0,0.4847777639426355
1889,0,0.1585325833043403
345,0,0.15510170110958904
2772,0,0.13307574296287072
3735,0,0.308814982636392
12628,0,0.07135113168550264
21329,0,0.11350651891984724
3662,0,0.3732433115297799
26675,0,0.17236783969035335
25327,0,0.18171561078206844
17008,0,0.1343691542214974
12202,0,0.16563670121037455
14217,0,0.43230835529248673
7217,0,0.4453565156949613
5523,0,0.12386829518577298
18867,0,0.19103159076997633
19980,0,0.27679061774849667
4982,0,0.3090665371833542
21920,0,0.040329194134456244
26660,0,0.12075819794479864
6625,0,0.13975703482258467
17636,0,0.04920488527163297
15531,0,0.12581335043606745
18166,0,0.31502531789859256
1433,0,0.1554883546395967
23519,0,0.09039468732078035
25245,0,0.1075171306655719
7339,0,0.07223404033606587
4404,0,0.2501572613674015
12573,0,0.051122751921010415
8639,0,0.03634571457006157
20424,0,0.3820928259311719
7668,0,0.07457562624005008
2518,0,0.058329989453314426
25807,0,0.041547524597299115
7503,0,0.15530706843705613
8980,1,0.6390053038483958
8047,0,0.10945245186317887
5685,0,0.16527258588357555
23308,0,0.13258973422216244
1972,1,0.5949018151320636
8827,0,0.07715064195539675
8358,0,0.05898360438185114
10087,0,0.07446515405507192
22344,0,0.22897909005813744
4057,0,0.09100435239228195
22070,0,0.07804355319815942
1045,1,0.5283312187596256
9469,0,0.12026497736511742
23266,0,0.17009755226687154
20891,1,0.5179695388449678
20408,0,0.20810139868579897
7685,0,0.09194140877255003
3711,0,0.11656908678885294
1457,0,0.05987006947666523
12125,0,0.1673354244631887
12124,0,0.11356748453936909
6039,0,0.0708399405475246
6070,1,0.6139649027073247
11728,0,0.2662254307723322
11264,0,0.4286814723124367
2676,1,0.6169847310192298
14737,0,0.19047222381740161
3537,0,0.30297812517482897
6892,0,0.13325855487053467
14479,0,0.06691259956477948
18781,0,0.18241887391735
9317,0,0.46600669519644106
23449,0,0.07247237739074054
26216,0,0.06573985691598852
13872,1,0.674025486644152
21035,0,0.11528020092567876
5138,0,0.14832459764933958
4972,0,0.06544000487427543
18127,0,0.07753014560895072
23130,0,0.08855196764609607
25698,0,0.08256159731159218
6195,0,0.13818348631744165
19024,0,0.08340934392860998
12140,0,0.12125949207942915
2885,0,0.08589571141884711
18505,0,0.21213217800404036
20516,0,0.16503538702698203
19351,0,0.1662731432625872
15342,0,0.054021086702302885
2227,0,0.4008050693585479
17505,0,0.11873607631860107
18955,0,0.11335007680549286
11096,1,0.6697792087662903
20635,0,0.08361631503038285
23462,0,0.07973780027326537
24493,0,0.12632792839774837
25107,0,0.18851746028571792
4282,0,0.06459257776996113
15750,0,0.4635892753175879
4540,0,0.07664730884220339
13209,0,0.10250069357847374
1921,0,0.1983032629177923
16055,0,0.08333678212790888
5053,0,0.4882229308030535
22111,0,0.08798236029424414
5653,0,0.06637020075328394
4618,0,0.1876173290177876
1323,0,0.1435239006881967
1227,0,0.09177202515486851
24090,0,0.27584056801080364
25700,0,0.4040668507703786
19927,0,0.15688700080483753
3706,0,0.30796330167233954
1347,0,0.13552654728677138
2496,1,0.7438083513582054
5621,0,0.1034532032377657
21808,0,0.22881770114756222
21269,0,0.09259633734195978
4794,0,0.4389255651792007
19340,0,0.09105800787185336
8781,0,0.08036183076897098
22615,0,0.21002271398337524
17537,1,0.6164748120810145
5226,0,0.19046280909482582
11487,0,0.07866988824297338
13984,0,0.09576650256524086
16128,0,0.07114495974402392
8361,0,0.06623407462239371
7571,0,0.06653515096428897
12895,0,0.12545180310236412
2724,0,0.1190042487536466
17475,0,0.05795683417095124
1422,0,0.16866463742463578
23259,0,0.23450538679448843
12054,0,0.07058130670387434
16860,0,0.47822912503963166
2760,0,0.06475402663270641
1215,1,0.5907382625967346
19148,0,0.2892556904142998
19402,0,0.1519419222764657
11224,0,0.14215114459257955
17661,0,0.0777149524145076
13326,0,0.12906867868410848
4416,0,0.20669126448332492
2647,0,0.24990446021054225
9620,0,0.326432174488219
22024,0,0.06690497368470019
15948,0,0.07912749598775949
15814,0,0.05645906501279532
3002,0,0.16856910719268034
1818,0,0.15441219760391967
4125,0,0.10608169287580099
9507,0,0.09056799410512358
2662,0,0.14195765220474132
8362,0,0.12137610092746211
8943,0,0.083678386875032
10215,1,0.6233159034142083
6725,0,0.12428897541355932
16993,0,0.1003600923820769
19314,1,0.7112661993107126
501,0,0.10608831002523406
7346,0,0.3044702941003332
14054,0,0.09010025848858821
230,0,0.2111196704513095
2300,0,0.11588091490655036
18760,1,0.5014617598319034
17108,0,0.09187358013784168
1190,0,0.2139873741870012
13594,0,0.08389963583007176
19399,1,0.5907685211809948
23956,0,0.331533960523392
3503,0,0.06058097549866449
23433,0,0.05681835573537922
20471,0,0.1876494961524822
26577,0,0.17090900197563538
6664,0,0.2203797517427226
4547,1,0.5719965155893282
16116,0,0.19214366988324427
18043,0,0.10184026307461574
1266,0,0.10040367864744815
12354,0,0.12709559219588343
18314,0,0.2594439730292879
8406,0,0.0572205482836702
18838,0,0.4982807455669798
733,0,0.19676819054878344
19234,0,0.15485377150474888
18304,0,0.17872307927496098
1834,0,0.1464815582455921
312,0,0.07829087782114048
5826,0,0.13074600910172657
7842,0,0.0724635329006824
3351,0,0.04736131664659521
2141,0,0.39976482801211816
25833,0,0.18453864594409697
6084,0,0.17823905546845997
12233,0,0.07249767755907134
11266,0,0.07919497432753614
8452,0,0.14196403005840397
13483,0,0.07176752601342795
21941,0,0.37783408224771686
18477,1,0.7168775433933015
21806,0,0.11092118001211848
20814,0,0.12783367202000526
10347,0,0.3056828898803528
17335,0,0.07194281952954236
25196,0,0.1095725057630914
20372,1,0.5114463160105173
18897,0,0.06268870707601736
5843,0,0.06457182021787662
14452,0,0.09272175711160395
19382,0,0.17653156152351307
25863,0,0.4863800126912231
4774,0,0.24809567529505458
13981,1,0.5455842177812346
9999,0,0.09739133908879946
12036,0,0.1064632964887696
19230,1,0.5319961042841836
19197,0,0.34082287930010646
7131,0,0.11452264919959974
25210,0,0.05356127661775787
24580,0,0.10490662684586122
23808,0,0.3512436522997332
9926,1,0.5426145852082898
11611,0,0.4126140363656608
15139,0,0.4022481520603546
12160,0,0.037453122024037507
11061,0,0.12717819755138368
2266,0,0.13090862677294643
21209,0,0.18559391772405737
22153,1,0.5706946493647961
5070,0,0.09281095201421757
24447,0,0.09495070838859848
23452,0,0.18063474203952398
21924,0,0.13250979016670628
22594,0,0.09715508925433701
15004,0,0.06374200163850871
3668,0,0.22083988429196233
4973,0,0.2651069601622197
26232,0,0.07954757313132783
1122,0,0.13446946670736193
7525,0,0.15461026678648815
2619,0,0.2756044252586121
21715,0,0.13265492863926825
2111,0,0.0692060539660795
25242,0,0.20397561691034805
17290,0,0.2728561926089561
23404,1,0.5174666215860123
23160,0,0.0666063949001999
19904,0,0.10211040467323056
4450,1,0.5902560485390254
7946,0,0.19572163079548155
23557,1,0.6874014714060864
4393,0,0.27169730976426865
5191,0,0.1214736145125209
19489,0,0.0694890616545992
11761,0,0.0978658804043889
14584,0,0.21778637956406754
8282,0,0.1743235389535327
19390,0,0.2428879160502742
13676,0,0.07064946740088393
15503,0,0.056862063819946
1182,0,0.37820215209743013
4724,0,0.11454095600884637
7405,0,0.1687805931696506
905,0,0.12472974101694558
23591,0,0.16605375485512208
11341,0,0.14012271149869662
23166,0,0.08871517695061072
2701,0,0.050343606877590756
11202,0,0.18496912034185586
10126,0,0.0909174442652006
25274,0,0.0538139919580935
18442,1,0.7233341068692083
3386,0,0.08741618637423099
25301,0,0.08354610683621246
8873,1,0.5063129235912182
14322,0,0.05966038208332072
6087,0,0.06236587664356908
5174,0,0.1121355722820313
11026,0,0.056177691433451804
19509,0,0.3411113276340236
5337,0,0.056748323612932826
10158,0,0.06191754547984817
16554,0,0.07699671000457667
3885,0,0.2355690308695339
25147,0,0.120544972626078
11074,0,0.1860358758693673
22381,0,0.07061907512059196
23099,0,0.101457093933189
3058,1,0.5610235849611815
674,0,0.3369039064543617
18002,1,0.6629040869407795
9477,0,0.20630356279478693
15090,0,0.1579809116178285
10883,1,0.678256586607094
10700,0,0.36085912267395165
25272,0,0.2959259817807958
13328,0,0.2943425183299653
12578,0,0.06311905380985874
18998,1,0.8034485187584488
2588,0,0.491850737036677
16320,1,0.7774494699016837
25396,0,0.10000966016837882
26093,0,0.17121253867760064
4699,0,0.17350279797453552
17466,0,0.09871931021645108
18011,0,0.10862241115931387
21876,1,0.6547819064584988
25550,0,0.14353687306506516
11105,0,0.0746972347589566
9252,1,0.6537197023209099
18563,0,0.2348007836228838
15244,0,0.23479640915606648
3142,0,0.08360173011276047
3834,0,0.11354537871955218
16441,0,0.34469702016555936
4884,0,0.0994875181875877
22609,0,0.08380397248740962
24623,0,0.2859064942922884
4955,0,0.19438708365346824
25190,0,0.08045206080403361
6404,0,0.08975492218728
14751,1,0.5700503805194742
24740,0,0.3820888417384625
19034,0,0.28111736120723657
2229,0,0.06035312881462903
19575,0,0.0364209723538484
8404,0,0.055579100183831935
14403,0,0.06817859764639062
15392,0,0.07661445597211215
13991,0,0.10144670860025817
13199,0,0.2694721385472162
3931,0,0.13292127268105344
13852,0,0.11264348374529218
13781,1,0.5477116686506787
15380,0,0.10211009939428252
5501,0,0.06500586156331196
24831,0,0.0930657097100209
22037,0,0.059308787699294534
18664,0,0.05419680270290243
17316,0,0.09397442328009153
3639,0,0.3469411016787069
16942,0,0.1622039912649038
22591,0,0.0716156729418601
2222,0,0.07700583935596365
3860,0,0.1524067588242417
24541,1,0.6697550627938251
21114,0,0.12870186495630795
20722,0,0.23146207449997216
1598,0,0.1760851397318401
18111,0,0.10327821504274343
25045,0,0.38776909468708126
10166,0,0.05216822862994425
536,0,0.07333936439037103
19040,0,0.15552381751326524
9644,0,0.057487502777220374
2286,0,0.05281834006645254
852,0,0.21089885741834494
2221,0,0.11271208729202135
15409,0,0.08184366315826304
3023,0,0.0426701544893547
13504,1,0.6413774253978499
3579,0,0.20020894021779473
9169,0,0.09462857231344593
8020,0,0.1783617249278909
6279,0,0.08684881464513654
20019,0,0.3075756564804423
10543,0,0.040607921260533954
18696,0,0.06723290100079878
5155,0,0.04354123178614903
1959,0,0.04085444331119996
9353,0,0.057269370742710955
22918,0,0.09917595960906792
23417,0,0.10016412773704404
14972,0,0.060925370646778
6526,0,0.18209352494452438
10163,0,0.0945881213068708
4101,0,0.050092009349857844
5211,0,0.1328164162125139
15657,0,0.049059152829997614
7779,1,0.7509050167295315
20657,0,0.11936180551787849
3601,0,0.45825403150051713
8868,0,0.10542524435113751
21773,0,0.09948509175717636
1901,0,0.1476178590299058
3426,0,0.15650702909888756
16960,0,0.16112353419879655
3858,0,0.2830068933443098
23179,0,0.14560295642781063
3226,0,0.18292400280770788
23163,1,0.5300730238629192
35,0,0.40603201258613714
18239,0,0.22041196801046758
13697,1,0.5910836000534665
24819,0,0.07209922323160584
8156,0,0.3575645861826512
21123,1,0.524175718407977
10001,1,0.5267479421306798
12679,0,0.06258048203141352
5928,0,0.15657601496874382
23829,0,0.07881965779913826
24841,0,0.23455539148860322
15322,1,0.5689539980429256
2464,0,0.1828555765123165
2414,1,0.6872799756833669
7676,0,0.21948787886981982
18534,0,0.15250997376078335
5853,0,0.11099509199799097
21782,0,0.17129531702305234
2918,0,0.14180093389342802
15943,0,0.06051451968537237
22695,0,0.08819388618965282
13641,0,0.20947878922204027
1388,0,0.15222867007229765
25508,0,0.20388336536693072
10890,0,0.2843144028961872
12099,1,0.563742913321829
26155,0,0.24688034633307676
17693,0,0.23784853526011399
1661,0,0.26041079357898816
3410,0,0.0935997010753947
341,0,0.0605698194670637
16472,0,0.0995443741001299
18142,0,0.1428924896924475
8900,0,0.06402407321118869
2564,1,0.6337852196056768
13066,0,0.08764124984643086
10287,0,0.29153778121896756
25894,0,0.1219177526421858
13043,0,0.08709967691191987
10710,0,0.05651185032382177
17648,0,0.06047595611424262
19163,0,0.12691911119078245
382,0,0.12495469366158918
11605,1,0.5521948873859868
18746,0,0.10018000627573066
12691,0,0.12203205631592251
22805,0,0.11371496480173197
16479,0,0.13334392637936948
5183,0,0.2085792785344122
8714,0,0.11320251226478546
25099,0,0.24411960742960875
24754,0,0.05129108873524588
15541,0,0.057516678243324744
22245,0,0.08780365610494151
10277,0,0.15684938672467125
10090,0,0.11744015073919867
11633,0,0.1701553876095506
21741,0,0.17781232106743977
10128,0,0.2540991797911576
705,0,0.10865595599577649
13517,0,0.13399816398150557
16586,0,0.203582265241632
20171,1,0.5337249789544474
22627,0,0.1042099942855707
26140,0,0.1281601828338301
23866,0,0.1738860709004171
5076,0,0.07200071459230088
1729,0,0.07978727344185377
13123,0,0.06806332341919236
22894,0,0.16914423487202013
24219,0,0.07152512377532594
23336,0,0.13432785773250835
13738,0,0.35561573425357
4957,0,0.07392795573665252
9618,0,0.14658138445146016
2561,0,0.4048107108796036
19026,0,0.19630168391831504
12417,0,0.16128206610832158
5418,0,0.14559967545244365
1915,0,0.11289464439280383
4688,0,0.1745158646129842
5570,1,0.6639389883169927
6419,1,0.5166499340338282
1103,0,0.057386345649487795
12499,1,0.5754997823173942
5705,0,0.20069415842451188
10920,0,0.10116820596438329
19141,0,0.09199476537177559
23640,0,0.08007126535018882
19146,0,0.0941009223606726
8492,0,0.09029929933660925
12810,0,0.19307444972675913
4715,1,0.7136744937128506
26268,0,0.39501855691489846
18223,0,0.051118482261514275
20441,0,0.45304085763892304
6354,0,0.18994210223742672
2541,0,0.078147420972111
12209,0,0.1501408659972623
22606,0,0.14981684343536628
5222,0,0.10289628585203689
10045,1,0.6148107211021278
21117,0,0.4242371805747939
16818,0,0.049236533641717255
18109,0,0.38336424090537924
6332,0,0.1733878190449438
23379,0,0.2975130084629777
3986,0,0.08537236488655683
17161,0,0.042564841503814455
12223,0,0.17732031691753541
21387,0,0.0651850014966688
18756,0,0.09069342955030878
4659,0,0.1302530423325815
13213,0,0.16118919911985113
5218,0,0.058673736394422804
20271,0,0.048040984928983885
8929,0,0.18450768738950246
7138,1,0.655577131270587
7800,1,0.6722246147120065
6538,1,0.5158357904223243
3698,0,0.09996065575562733
5780,0,0.08669809453411682
19667,0,0.19059475054924976
20885,0,0.06554904863695937
14504,0,0.03578151476742839
21588,0,0.09230989476327414
9920,0,0.15492020070975265
8203,1,0.628747978236649
12326,0,0.41549036721150173
3923,1,0.6859426507454444
2813,0,0.11232775005224661
3197,0,0.10035778913049008
16957,0,0.27826342174249297
9320,0,0.08805787731226145
6847,0,0.16811500638758234
8247,0,0.07749334546887146
5671,0,0.10242633103040069
7781,0,0.13784387738068626
16894,0,0.10608542483346924
21762,0,0.10630507743355327
21765,0,0.07437403877979086
6741,0,0.05771518700558936
4110,0,0.05388550975428212
21296,0,0.47145524972660696
7752,1,0.7736717600591457
23487,0,0.18018538558774808
8231,0,0.1715733172741449
17448,1,0.658002101135872
23237,0,0.20855085423615802
12412,0,0.09237008935609009
17446,0,0.06409875514972259
23801,0,0.08967555842570903
4745,0,0.05530859511602909
21841,0,0.36243459382521154
550,0,0.14352048293812553
10137,0,0.2209182986071723
14494,0,0.24743935003023043
15132,0,0.36366114661260746
19185,0,0.060019703251963534
15518,1,0.6395493698374821
2209,0,0.4231020896566892
22465,0,0.052590781278420456
16213,0,0.10948910833762715
16922,0,0.202192482865424
8416,0,0.2591180870852478
25915,1,0.573773394117478
21922,0,0.14411198753040824
8251,0,0.13987784204960346
11216,0,0.24710168569251892
17090,1,0.6109261477366509
2726,0,0.3173502054304221
15442,0,0.09285288312125306
17170,0,0.1796691882095126
7858,0,0.04803279800445122
401,0,0.0697905665631656
19879,0,0.2067384332304363
26601,0,0.4150878201695133
10792,0,0.2447873284149625
11876,0,0.22873162301517294
20221,1,0.5431494508595155
21079,0,0.262148457910537
843,0,0.07201169194394626
3643,0,0.09582508985756233
24132,0,0.11372441772623498
15059,0,0.11461214320706192
16598,0,0.24233357969617356
16700,0,0.41245948094693197
12538,0,0.23625770575803956
8019,0,0.3018458278571081
8069,0,0.26270480257878154
15875,0,0.10920416161114364
23745,0,0.44270709047658735
11465,0,0.18904642476994765
12194,0,0.3105293453503559
17212,0,0.10215650957567098
22838,0,0.08868115433621437
25750,0,0.37563162211853374
7589,0,0.15117689662301528
9575,1,0.6699566342316028
10408,0,0.07389822831095418
5551,0,0.20262680704188873
21622,0,0.07571232757128063
2152,0,0.3520113315005784
20044,0,0.0534935974857466
18487,0,0.04118673675119935
283,0,0.31037463921982456
14134,0,0.17077555289253352
6952,0,0.09385186585084751
9939,1,0.6818071886182697
8896,0,0.055286258719869315
13694,0,0.10608852972435708
6417,0,0.15018379313691682
17698,0,0.360146949533567
21524,0,0.1010937025385985
3673,0,0.3123562835016238
6536,0,0.14891523296529915
25527,0,0.044311463638024566
16632,1,0.6675202414910553
17819,0,0.1857368216087962
5220,0,0.1401510866174454
9838,0,0.06590880414793193
6463,0,0.15049595991249412
25893,1,0.6467307557136891
1113,0,0.049221064079706354
8815,0,0.11801610011835004
5128,0,0.11841698731505898
3942,0,0.08841079074078088
20825,0,0.19695045748452816
19419,0,0.12961201200937383
17425,1,0.6110796191948034
9240,0,0.07085722424281375
12556,0,0.053882753249952106
17723,0,0.32439914962829575
12042,0,0.15125578246946947
21703,0,0.0716039977647066
13610,0,0.10975354470438545
7613,1,0.5726409502391578
17928,0,0.11970039298586933
5816,0,0.08736701754161963
6498,0,0.29057127105280595
15389,0,0.0644032345380185
15922,0,0.08278804868273867
11941,0,0.08366645179699128
6442,0,0.40451996043382793
14151,1,0.547626843844784
4689,0,0.32010846868854187
14363,0,0.159860771160947
20048,0,0.14963009918405826
17734,0,0.29182631361737765
20026,0,0.12268213403428391
17687,0,0.21905969948071868
22405,0,0.20773532995007726
2383,0,0.1108153563414832
10328,0,0.1631130042715846
25566,0,0.19210426323557572
17941,0,0.12348727220780484
5550,1,0.6057870396235004
4336,1,0.7831164874930185
15287,1,0.5198075526229438
17782,1,0.5510470978912665
11804,0,0.0793075208345504
12116,0,0.06475489552495567
17423,0,0.126860804335829
10804,0,0.2222421239802787
9529,0,0.04972080598838737
25534,0,0.09815651846978506
9842,0,0.13743374735570774
2362,0,0.08460814561093906
274,0,0.08871009650316287
199,0,0.3050065092300416
4580,0,0.06031831691799955
25838,0,0.18588650724117955
21840,0,0.47559989110643236
5549,0,0.3304884783986674
13973,0,0.13705127332984926
5647,0,0.06524237338724
18819,1,0.7534216995739368
13090,0,0.07017772092773876
8505,0,0.06464512014636871
24280,0,0.2121982847626602
19182,0,0.2596668250680105
25013,0,0.08467200971163498
8673,0,0.04940728801032997
10497,0,0.04619883574261441
20038,0,0.055534798143572074
19076,0,0.09907901678326779
17399,0,0.13073643811545957
12918,0,0.2740818231435853
959,0,0.07375776863643475
4048,0,0.0875626114557699
23144,0,0.07025185899849784
16208,0,0.1923266177413787
12571,0,0.4476043348452626
14176,0,0.03883700593572434
3451,0,0.13243783412906332
1441,0,0.21293581055799876
7733,0,0.2763939196144471
15315,0,0.061425870460788824
13138,0,0.13920153655558118
9406,0,0.08668057938488738
25389,0,0.29142887866946293
23183,0,0.48529210068188683
2819,0,0.08228802127924384
5198,0,0.10803892021766467
2683,0,0.04566173254521686
13616,1,0.5868130194880041
11973,0,0.09918712994268572
25166,0,0.32886524205289697
26445,0,0.15121861670024064
18903,0,0.06916539948099143
5601,0,0.4483405824035187
20578,0,0.09613745879271769
25965,0,0.10325031476259529
22224,0,0.14300852617214507
22990,0,0.13737417527053278
9989,0,0.0761387818708144
147,0,0.23992544120467993
7442,0,0.1792451179174792
15164,0,0.1351251483083135
11574,1,0.5102908490238474
6462,0,0.11768908411634842
6492,0,0.1135285290718717
11342,0,0.12818654487625644
24958,1,0.5597042469908942
18549,0,0.06494690702345257
7656,0,0.10278727494338737
14891,1,0.6186528682966944
9535,0,0.12786074897138142
7431,0,0.23244582559097104
20470,0,0.13123443553988262
9129,0,0.18741719370327914
14353,0,0.3181040831415372
14808,0,0.06540420486938225
4813,0,0.052395804982704706
7793,0,0.06418599057810052
22347,0,0.35323270354201974
6688,0,0.09624505438199739
21839,0,0.18981863281107997
3780,0,0.2938400427043202
2214,0,0.2540921759277185
26138,0,0.19771927375904455
13373,0,0.05116304402264963
11734,0,0.15417149179395617
12481,0,0.15176634341591735
52,0,0.17061118502935307
873,0,0.157610240019705
2595,0,0.06277471094442488
2142,0,0.0581189243125539
996,0,0.1463064669134433
7958,0,0.3198331655023172
12723,1,0.7040397838847461
13548,0,0.3390299531669648
12081,0,0.24505545354744407
7258,0,0.2830679689067357
21479,0,0.10028453461231235
6186,0,0.05089874342106258
24635,1,0.556962669704736
26489,0,0.09303947218023963
13459,0,0.061234848562893275
1569,0,0.4303613270775471
1968,0,0.1257406982948779
18828,0,0.42555420482235184
20728,0,0.14791450261416653
17837,0,0.10237303792261793
397,0,0.4938130055526584
22962,0,0.07356407226449578
16202,0,0.06813820695170679
16074,0,0.09982133428216806
12840,0,0.1330618522398078
10316,0,0.24105822362917514
23952,0,0.06015244230579895
896,0,0.09902444659419452
23423,1,0.616254781084017
22402,0,0.18827510149042737
5804,0,0.20815355643615302
8726,0,0.06945468082249395
22088,0,0.4065195956423644
9038,0,0.11679839324241646
11146,0,0.27987123482264414
6137,0,0.19259405053803594
13792,0,0.07355715668653921
5749,0,0.06270344070715558
16583,0,0.0589006471971136
19413,0,0.26320108757527033
25497,0,0.12686329881462652
18355,1,0.5136860173652723
25919,1,0.7382310599482668
12244,0,0.3497298644319399
11405,0,0.14263156667196505
12805,0,0.2967106972419702
6944,0,0.0711101833557695
2622,0,0.08552602688425331
20610,0,0.07807022283122582
4421,0,0.10471035617069946
2752,0,0.08568109773767942
26501,1,0.5776281624785363
7481,0,0.0649364941375083
18229,0,0.1074411601306747
9162,0,0.2842087593366707
4579,0,0.15111317591692322
12699,0,0.15198833530608594
25666,0,0.08949068462253046
21311,0,0.09291347558538401
18843,0,0.06391869460466604
5001,0,0.4486404949466415
21687,0,0.07822701168851685
538,0,0.22075634686817874
6824,0,0.22136759538626843
3548,0,0.1325418886158606
18318,0,0.22172703517676384
1336,0,0.43311356852697436
2767,0,0.07872454970748977
17535,0,0.06592265557375239
14204,0,0.46862257078999614
16674,0,0.12235602559224701
18162,0,0.07791162307575489
19695,1,0.6698434570713846
24914,0,0.07987714483473485
21815,1,0.5516951641746085
20689,0,0.20094300812256927
18593,0,0.19544418671604075
7886,1,0.6985003749919566
1923,0,0.1581375383292546
9508,0,0.09561561749948569
24570,0,0.4887706293962395
14073,0,0.42924889835806823
21648,1,0.6551803491667174
25659,0,0.08864928704749497
4211,0,0.050238040719784285
9264,0,0.27896212458768754
6580,0,0.054397839281687385
4645,0,0.11940818025616169
26312,0,0.13511053975540405
17252,0,0.339073401276937
13349,0,0.08445659248290135
19697,0,0.1358155135604693
25612,1,0.5364916805338594
4859,1,0.7034319316491761
26663,0,0.24004905547382355
26246,1,0.6258216003903428
15820,0,0.06694626000061928
12011,0,0.0529029233853958
22395,0,0.04952115165047702
16305,0,0.09795955583092057
3014,0,0.13830667817532422
24602,0,0.14544905137292408
20492,0,0.1033060805339962
5050,0,0.23638099143688085
3027,1,0.527895183265301
26437,0,0.14765830065220117
11712,0,0.09177739290997948
15709,0,0.07356211696317111
18424,0,0.15823468241011454
19350,0,0.2611905008961478
24186,0,0.37836156407399313
11666,0,0.4828225962682394
25241,0,0.14394139839445255
22607,0,0.08119028671363214
4384,0,0.1427969055770645
26480,0,0.10669039057691176
18893,0,0.16922256362253896
26367,0,0.3933748582923034
22892,0,0.4096297345854903
5317,0,0.15234065032112884
1427,0,0.0662316567990345
10676,1,0.5489470352781854
2084,0,0.14787430879929697
20546,0,0.12028743197616898
3594,0,0.27852070273677565
7132,0,0.0413266821893704
8030,0,0.33599132569800333
14710,1,0.6839245757573713
20788,0,0.06443258876243706
993,0,0.07588862886763499
25444,0,0.11203425318672888
24282,0,0.2718868901854869
5676,0,0.052003824459982
4667,0,0.11590670801636954
23963,0,0.41620977028214134
26299,0,0.17960949246763064
20045,1,0.5174892059770451
14529,0,0.14524244391728416
7220,0,0.1129228898995
22014,1,0.528211350181569
23100,0,0.07935762532744936
9071,0,0.09075438729818007
2762,0,0.33056365109438446
23673,0,0.20593288939739587
25983,0,0.1654296774705046
1603,0,0.25420041093644197
19260,0,0.11697686784777511
5859,0,0.0877577221376125
2140,0,0.18652585777296113
11282,0,0.4767492188667159
11872,0,0.1983089777818223
9253,0,0.42795525362169706
18490,0,0.07069503628044883
17215,0,0.06236515793547128
16357,1,0.5934211145271248
12077,0,0.29868881524625
9459,0,0.19368784401770459
26459,0,0.14681592028356064
12090,0,0.1882949361116817
15353,0,0.07912844892771927
9119,0,0.13258916222328535
22592,0,0.48908589179502016
11765,0,0.08087290998461388
22041,1,0.7152080168536373
9655,0,0.11133301152419066
13101,0,0.10914815851059713
17900,0,0.137716754757534
13631,0,0.17536038956925723
16254,0,0.35950402348581956
15851,0,0.19997074725415637
24021,0,0.2269232703258342
5535,0,0.052070708479563604
16323,0,0.13534987166124335
12752,0,0.06827684141477224
24395,0,0.0658624988258672
20311,1,0.5030367954861447
3792,0,0.4938556493042301
12681,1,0.6575146807605237
4003,0,0.21539077660842268
25033,0,0.4911752902436113
7256,1,0.5716529252323552
12290,0,0.11423108049932117
6906,0,0.05257517144609638
3318,0,0.15946725562405306
20564,1,0.6147955921175663
25334,0,0.3141717819528536
150,0,0.14698312295823485
22783,0,0.10855268436513532
17288,0,0.1854178051460922
15530,0,0.10068902640217546
21601,0,0.26481121116444245
18014,0,0.09358773326351998
20568,0,0.10560674561151556
4148,0,0.1312212719698924
26087,0,0.27336835151266875
2974,0,0.04933002929041383
9233,0,0.06717943784065904
23229,0,0.07748101725314349
15919,0,0.4245257049668934
15022,0,0.07360369459669397
5598,0,0.1054600088271025
14239,0,0.07990100411588136
9739,0,0.03937630068510999
26417,0,0.14907426130103277
10580,0,0.12073940653155801
8544,0,0.15983454427013644
23274,0,0.20308452755337913
19939,0,0.12910308166172324
18573,0,0.49448510220866937
10861,0,0.06733566914471012
10013,1,0.574675655373043
25056,0,0.08484866434474249
19418,0,0.12025396951841234
15526,0,0.09649925329512518
25496,0,0.2389892917757138
15571,0,0.09005464655513927
13855,0,0.12672196223518123
22480,0,0.049137942945931684
23464,0,0.04909682553444708
6607,0,0.4984085578183257
10392,0,0.08285872490066198
1444,0,0.11273752002460334
21444,0,0.08027687890657642
16204,0,0.11548665350621405
21376,0,0.40699086825946007
16360,0,0.13589505162146925
11262,0,0.11635585512193904
1947,0,0.215330270723169
2949,0,0.09222986374732853
15742,0,0.30981928332592285
6576,0,0.2616342943713332
16638,0,0.11078265026183223
10869,0,0.07513906637368213
8180,0,0.14743200399664239
19842,0,0.09194625685188797
9014,0,0.08269141810949705
25857,0,0.07523773427068059
12423,0,0.10354730430073662
25589,0,0.2541787794893287
7976,0,0.1017427189772396
14662,0,0.07973713979338228
10829,0,0.06274571532249637
5282,0,0.1275759099312434
24527,1,0.5393796644257217
11430,0,0.3100702286799197
10381,0,0.10651427552200556
20113,0,0.13605107130510455
26260,0,0.3190846774904752
21147,0,0.050749402443396235
24987,1,0.5743525971137213
18206,0,0.05250467166634957
19032,0,0.423893717450657
512,0,0.0695509254258939
12898,0,0.1628956156889757
4569,0,0.07796435746870467
22256,0,0.059961753749440086
4085,0,0.14448544852673614
13805,0,0.27373653078275134
12739,0,0.2232182718719056
22234,1,0.5842527145332259
25926,0,0.23636903091922934
10726,0,0.12801913988378705
5980,0,0.07297478752300682
11456,0,0.11890146832745767
22580,0,0.07121940802065352
7505,0,0.08486082048698097
3256,0,0.13061587080229767
6769,0,0.09413585360519866
16350,0,0.4549788295548404
13914,0,0.11299875643665663
2858,0,0.18844279486695245
880,0,0.05772346430462526
9904,0,0.0401344906244191
10840,1,0.6621404170106977
18372,0,0.05425860559523134
8317,0,0.28367187779905206
20930,0,0.33774586395244777
4564,0,0.09646513823719362
2805,0,0.059429294499198544
6179,1,0.7356106021203792
14015,0,0.3876610473052746
23129,0,0.15533642297751005
10876,0,0.06847810753432725
1483,0,0.09415860396416181
7051,0,0.1250990165435483
25172,0,0.19996013950244698
7088,0,0.33417755711514857
8161,0,0.05186239625508229
2201,0,0.08756635950765895
12593,0,0.16652771607729858
24887,0,0.1098559043847961
24410,0,0.19394105147169732
9740,0,0.4233969782730164
24205,0,0.11504901294047869
15506,0,0.09450980070005965
3778,0,0.08078552604525843
485,0,0.35916827480141605
15783,0,0.11871743476926894
14509,0,0.1370439153208961
5035,0,0.21630848983803744
2929,0,0.14596158809104226
20051,0,0.07484371114381468
22692,0,0.08318265769088105
16816,0,0.34237894255911167
8299,0,0.23250377656467214
7997,0,0.07810217996516539
17970,0,0.2258113683499657
10203,1,0.5113903636164472
17405,0,0.08478287328825647
19003,0,0.4005235630387307
7841,0,0.14734227245868112
5663,1,0.5875861354475934
26134,0,0.3203663327034695
22362,0,0.09679786940762054
26000,0,0.09881790202583905
4293,0,0.2051005983318256
8274,0,0.3262734964411736
19479,0,0.17329734860780055
2055,0,0.09093381586668078
10520,0,0.43104859694353737
14578,0,0.3913221016106002
17670,0,0.08540993287961487
17430,0,0.11186076417530759
17259,1,0.5237541150917844
1133,0,0.24422129303360213
13775,0,0.12078034679452107
15291,0,0.17785086185805427
23685,0,0.16234765258210396
6173,0,0.1273102602141111
3053,0,0.04054696202581427
5199,0,0.08161487228462709
22634,0,0.21274820771915112
3734,0,0.1376102427365332
19168,0,0.20962327992407537
2168,0,0.04722887785993695
1981,0,0.14445426432527536
1664,0,0.3307058720710282
8229,0,0.0960071031389454
3441,0,0.33713790108498615
26225,0,0.06257496056326016
9383,0,0.047422264444880805
1366,0,0.06644147464789509
26247,1,0.775324308111731
14301,0,0.14284942650125657
12517,0,0.14501830334820542
6237,0,0.14985567517880174
19527,0,0.07789374398783605
26545,0,0.11869080232272752
22696,0,0.16658661459574758
10037,0,0.17652637349657266
11764,0,0.13496017233151433
21628,0,0.16565811828257648
261,0,0.09869929349777122
20325,0,0.20429501896314092
4347,0,0.2534685684837021
22816,0,0.1924143993766231
15838,0,0.3568066577858993
14364,0,0.11620176757668987
2764,1,0.7559808190366905
14535,0,0.10393641611460427
18368,0,0.35273960352649064
167,0,0.21042876913614414
7600,0,0.1863997259604278
19962,0,0.03982374547156941
3798,1,0.7286799508513598
10297,0,0.10785658405081361
24392,0,0.10783395921637515
23594,0,0.12853884271302524
12680,0,0.17788671300187367
12086,0,0.19466487747336167
13191,1,0.568814910414269
1448,0,0.12603325223066103
11265,0,0.1825970533793833
17803,0,0.08758548704516493
11072,0,0.14465651216877043
21482,0,0.21306211646867723
8233,0,0.204080682986646
13252,0,0.3793781805067223
15236,0,0.383333336467491
3268,0,0.4277107214971074
20091,0,0.06832534776803761
9300,0,0.19914686859147307
20318,0,0.06937996493871598
247,0,0.21375933824937976
1588,0,0.3374586357071758
10688,0,0.07469113343250795
15211,0,0.04750994271678327
22018,0,0.06565759540480454
11335,0,0.11103411769536337
2136,0,0.04963496923782131
14911,0,0.24364416821193738
7534,0,0.08048082648175031
487,0,0.09077389885540571
26137,0,0.10154972066062472
10056,0,0.06909662231854723
12829,0,0.40759438088912603
15458,0,0.14128465902183518
14465,0,0.429560467973608
4479,0,0.19049917939305794
23134,0,0.1002949461676081
3394,0,0.23068697392068635
8373,0,0.09817525080025828
13508,0,0.08282057209814521
20067,0,0.05597840675742689
20241,0,0.39723719744036423
15497,0,0.1478269394183078
11495,0,0.08385811882778425
12369,0,0.22489604415623224
1684,0,0.06061313511440487
21160,0,0.03429795445463082
4036,0,0.05239613402775791
12422,0,0.17700009327229074
22114,0,0.1346128120262231
17976,0,0.04260030810781783
3421,0,0.09907101675959767
1114,0,0.12338785771823577
3068,0,0.061415269283561925
6077,0,0.07257704578851717
4068,0,0.1451632630453477
11482,0,0.19211448500186848
25124,0,0.06259776888601491
24169,1,0.7211751803620023
10044,0,0.14767204391950733
18415,0,0.29785806993677916
953,0,0.04950189932475085
9932,1,0.5023115218629879
6879,0,0.21464695446839246
10029,0,0.19991716975879473
25440,0,0.0849851245588002
5683,0,0.06668782049549699
3578,1,0.7179901015413094
25598,0,0.12307695005079136
13170,0,0.13466512364255767
21094,0,0.18387001695288185
1815,0,0.33167684238486045
8137,0,0.05674875627028043
21093,0,0.10896084945368571
3402,0,0.25489457314926933
18080,0,0.404403857905677
18083,0,0.06184906808791864
2359,0,0.279253914382986
25570,1,0.6347533660191975
20305,0,0.11767995410062648
26072,0,0.19497808918017553
13466,1,0.7345880013789348
18379,1,0.6063632578692406
20222,0,0.09867480501370145
12947,0,0.41869292787352413
8862,0,0.052971223433578386
6504,0,0.28271612307517496
1475,1,0.6384178898895121
16107,0,0.12312788940466174
1644,0,0.0739844420873897
6624,0,0.0403225209051105
24196,1,0.5059498598583086
23987,0,0.17912206758134264
23782,0,0.3288009594402132
4070,0,0.07270162587620024
14930,0,0.11622263486511092
2937,0,0.2817875840818605
16769,0,0.13127569947151607
19476,0,0.09038856925278962
10239,0,0.049099082918304046
6280,0,0.08629170436613125
14133,0,0.19781059808930784
10429,0,0.15694678158578865
13312,0,0.36525995658426424
24509,1,0.6349231896002175
10579,0,0.31265439178903603
17239,1,0.6129854252340718
5160,0,0.36124138487286134
8164,0,0.048059493551728935
23686,0,0.1038976924152338
14324,0,0.1688758586617923
14883,0,0.11406118517161153
12088,1,0.6914934806238768
20472,0,0.15590409467984842
7591,0,0.28007570655244796
13205,0,0.23131285846519614
12830,0,0.12275955744527207
26462,0,0.16608684160879314
5687,1,0.576378729557875
24929,0,0.4790069468416631
16178,0,0.35910535379584263
6657,0,0.37501865166231146
980,0,0.0672541810228622
24792,0,0.4730740595741674
15829,0,0.1025560516081536
7655,0,0.04701520224451086
20630,0,0.15345477977423141
2153,0,0.14471779601994308
13044,0,0.23358424522086846
15157,0,0.2815492224526119
23005,0,0.1232598950476382
280,0,0.21760606744371758
3455,0,0.09650809197230864
12257,0,0.34418613640198825
21580,0,0.42628424566555234
15746,0,0.1505674522332749
6138,0,0.21927465727393516
15440,0,0.371923080967195
16976,0,0.09893769881373332
10819,1,0.5165818504697012
10149,0,0.17954088361289075
8439,0,0.06306279532741253
10632,0,0.1405392061207371
17439,0,0.1451742644201036
25139,0,0.057933955113852804
17790,0,0.3670374340956009
15299,0,0.10427761402537106
12513,0,0.17333153679642987
23211,0,0.11010731673032177
21023,0,0.38339443900820425
21647,0,0.2089160151482657
16495,0,0.06399271204730034
23323,0,0.08901978703878409
25170,0,0.394775081278343
3694,0,0.08152042671999439
16167,0,0.15146057502489574
12892,0,0.39072143431242745
3172,0,0.40226624399167377
15981,0,0.10590411593092916
22679,0,0.060248352794565176
14000,0,0.088853223873725
14690,0,0.08892068873689825
6628,0,0.1173367168984129
25189,0,0.11698693186038443
16501,0,0.1471896390626526
9033,0,0.18334570857279928
7553,0,0.2052656648654853
21139,0,0.11693370558837515
12958,0,0.12795944465771425
8889,0,0.21831664242287466
23176,0,0.19635248584799186
10818,0,0.04230869822764269
20582,0,0.033474312828950345
12457,0,0.24354043816632626
7998,0,0.3940936317304445
17590,0,0.24678068604958525
11307,0,0.20353170113220126
13661,0,0.0811192327174337
11386,0,0.36925843616849724
13400,1,0.6681114023781528
738,1,0.5316971380188715
19464,0,0.18032435889413242
23922,0,0.2311096048667944
20265,0,0.30915934931072586
18253,0,0.23229375062578705
1056,0,0.308884213557443
14657,0,0.10284477936949622
11943,0,0.10066325638074926
9559,0,0.15687484605738738
1311,0,0.2477682297967155
19669,0,0.2321763891410275
10906,0,0.2380118173343498
18670,0,0.26159646219266347
25899,0,0.10593049419509787
11843,0,0.12419193905466668
22204,0,0.09221604618229443
9849,0,0.05951961707260138
10560,0,0.1981157819209681
7706,0,0.052754683894260114
23113,0,0.44908191720115653
13287,0,0.19903050004997866
5383,0,0.31710518583301506
18480,0,0.19981065182801785
16041,1,0.6932526717349882
34,0,0.14959359540143022
13495,0,0.18751206279071395
22624,0,0.0890904568480949
17683,0,0.2668284110177536
12912,0,0.07131837443066351
7286,0,0.304859231670664
24678,0,0.06403872671754707
3541,1,0.5056019793099509
26575,0,0.08220953497658014
4684,0,0.07856640334846078
11887,0,0.13000902771270037
19210,0,0.09543436883574467
626,0,0.037121204679033105
11841,0,0.09526791101860603
6239,0,0.43623517622015273
25788,0,0.05931310345395033
9006,1,0.5128986961652632
16481,0,0.05902151252302494
601,0,0.0449647818627693
7731,0,0.10388283131053325
15528,0,0.15779537212661998
25825,0,0.1292671532830123
9331,0,0.20137367873692644
15003,0,0.3718269736823779
19221,0,0.24207505292014403
24854,0,0.04724994895726056
9818,0,0.4815556022534315
6753,0,0.040941050654274606
19703,0,0.24547496372819616
409,0,0.12485909611116847
21950,1,0.6344562161632065
17189,0,0.2177657202167552
20575,0,0.09221253456644087
2734,0,0.12088642955090804
6020,0,0.03397226755923437
15414,0,0.24787142702916956
17665,0,0.22212077392926644
17533,0,0.0476093514889762
17758,0,0.3716760731912418
19379,0,0.30516771882882154
2501,0,0.15231618586332152
22555,0,0.07210433354865696
23198,0,0.20847408252165572
15050,0,0.24184277333347962
24378,0,0.21637482983620338
11408,0,0.27626490989694913
9579,0,0.17009949466042593
19562,0,0.05732238556650518
17097,0,0.08257258978345111
3398,0,0.15067760483718445
12729,0,0.17437658885502114
19231,0,0.07873463499549155
15483,0,0.10197926881640733
7884,0,0.10881202628162454
19650,1,0.6144036705610733
19125,0,0.058659160996644234
21705,0,0.23742465183244352
2842,0,0.20605029590044094
21963,0,0.05718484649136277
5975,0,0.06206688427106438
23375,0,0.17299876344813303
22437,0,0.10176859182171005
25091,0,0.16501971215955383
24018,0,0.057964405004871405
24921,0,0.10051903098476035
21882,1,0.6002682156164452
6904,0,0.08523358039077947
2350,0,0.07947867137916755
21152,0,0.4999219914495634
24511,0,0.17081288476593934
17788,0,0.09405491510138309
24808,0,0.47645811652219294
9229,0,0.05036349919984671
3609,0,0.16949252623763378
13967,0,0.3198224939273118
6965,0,0.08590519969247777
23072,0,0.14850582486912509
4156,0,0.05653530354637454
380,0,0.0787369206003285
14666,0,0.11905201099004917
22628,0,0.1955292240788624
4730,0,0.09678352715705113
19934,0,0.23219529679273887
4084,0,0.47178442285600314
7698,0,0.17963048058559242
17942,0,0.2804048687168527
11192,0,0.06842120513295306
10827,0,0.34180137493535023
8426,0,0.1901683932690778
11815,0,0.03945852988868303
1822,0,0.4201367669194813
16804,0,0.08523319514819169
8528,0,0.49784778296466325
3210,0,0.14844551167772324
15959,0,0.24335095952216942
12311,0,0.07104741781562184
21546,0,0.2412321701467043
12293,0,0.12264630269177582
20328,0,0.11067042549132979
19436,1,0.5142364057767049
26442,0,0.13818349055563683
15411,0,0.08264955389356096
10372,0,0.14759428398699603
22938,0,0.07785923572945012
25765,0,0.04447209158310954
18757,0,0.09293818493588446
20667,0,0.06201874046317248
16094,1,0.6735459007089354
26419,0,0.11231506563512861
6612,0,0.24260315440295305
8897,0,0.17076090174461345
14297,1,0.5513948550505856
4097,0,0.3039603931518075
17489,0,0.10069872644578445
21691,0,0.1236484811270313
16255,0,0.18537343392432087
15624,0,0.13713481353735998
23340,0,0.11958150341886649
13137,0,0.07625685447715327
13053,0,0.3116881156189194
17300,0,0.07270738044290045
9770,0,0.14101692592742118
10624,0,0.0884545787950422
20882,0,0.22352603970017854
15539,0,0.4199544086314846
6717,0,0.22408589678636853
22595,0,0.10340527232116173
21115,0,0.08213547451549962
10948,0,0.45625099428444466
15658,0,0.11050157249781518
5466,0,0.11207513845326567
6726,0,0.10054577727219666
7047,0,0.17767723350550518
12825,0,0.1650626193906932
14128,0,0.12166030482826841
10493,0,0.34531803692649093
8845,0,0.03552772127081752
10290,0,0.47806832628174817
4194,0,0.10168597670209943
8453,0,0.24489918325050877
20326,0,0.08063085642207034
9586,0,0.16732988199310722
16689,0,0.15859496861466724
10300,0,0.08572494702793014
7241,0,0.07344939287140556
15377,0,0.2397913729508055
24043,1,0.8110161384523181
23830,0,0.061164425666320896
22511,0,0.1390796090096771
3525,0,0.09813018150499861
3396,0,0.3679925448154319
25925,0,0.08138120733893085
14962,0,0.07326331147212771
1288,0,0.06707976930358801
16247,0,0.07620108055232305
19960,0,0.07923877648747556
25675,1,0.6448884795489299
22348,0,0.1041960731005141
3964,0,0.2692359292654468
7573,0,0.2822600760234813
11833,0,0.04785854644971919
22930,0,0.07840437781770128
3050,0,0.12291616775852737
20899,0,0.10136254810166356
8300,0,0.14622151852419552
26028,0,0.09551519889945158
5771,0,0.13799844539521555
7924,0,0.2948151367922787
24382,1,0.5857390594490907
9958,0,0.06171420188775764
23173,0,0.09245883958851828
7458,0,0.05256177734006179
16141,0,0.10871935159573493
5934,0,0.39755068633450963
5940,1,0.5934350686864814
17306,1,0.6404460775085029
7898,0,0.08004830615948438
8132,1,0.5168319050841805
16263,0,0.4701238645585479
22977,0,0.07590331122315601
8779,0,0.09574021788015752
16621,0,0.12561886980507725
10418,0,0.11400784612852259
13505,0,0.08705684828621728
4894,0,0.06422742525407596
18397,0,0.38376036149018217
17267,0,0.19442618680912824
12129,0,0.06658822540905933
22067,0,0.3068055269875511
6,0,0.04867396135279965
16420,0,0.45734260560992385
75,1,0.5884360567714219
14791,0,0.09443137370949137
8710,0,0.08828007948018515
4744,0,0.12268313286383158
1108,0,0.1034655705380101
10455,0,0.496424651309225
10574,0,0.10129611897111208
13078,0,0.1296391894336283
17226,0,0.10836959174987132
19571,0,0.08678832731465157
21095,0,0.09089297383944674
10867,0,0.07170450066863232
748,0,0.24135425776404493
2213,0,0.061630681651347316
23032,0,0.22623831785094006
12432,0,0.09665620524299108
6779,1,0.5907666522232183
22035,0,0.11428589069947485
7468,0,0.3087844881912813
8151,0,0.17929901773306578
19114,0,0.06507158023878229
18087,0,0.10728250581441726
2730,0,0.2102134243611423
26353,0,0.27967701418810625
16987,0,0.13119399389051264
6887,0,0.14045601887129114
4605,0,0.10691844345291235
24243,1,0.5531419770284679
3222,0,0.3702442760367298
2435,0,0.15274233406922386
11724,0,0.45907157757930783
476,0,0.10033541692229603
18089,0,0.2944228545783716
6896,0,0.21428973910448318
9635,0,0.4169724752728348
8113,0,0.0931744906061953
13887,0,0.48256762498452843
17919,0,0.129602129869705
5815,0,0.49160547943812977
19310,0,0.18575581025566074
19602,0,0.06568417954723232
20867,0,0.1584725644037081
259,0,0.42664981380561817
6285,0,0.21801519896978547
971,1,0.5389436480110656
7536,0,0.07418239569825948
25186,0,0.07801490193351743
4037,0,0.14106575752824024
24707,0,0.08738990982359232
2393,0,0.2259392175832398
10132,0,0.06654351294790707
16670,0,0.1272302895070947
5195,0,0.16001637338450883
12796,0,0.3259035292813256
21193,0,0.07426898094759736
1489,0,0.2523334567324952
22544,0,0.10225035204030233
9565,0,0.07008522455227922
911,1,0.621734693040563
6290,0,0.11323387072313656
6974,1,0.6205143022364376
19278,0,0.10837030353879698
18181,0,0.24519989515372104
7923,1,0.5114361802130601
6292,0,0.08204559067448004
5163,0,0.09157277953783838
8211,0,0.11174619968989889
6481,0,0.4578822653554346
9747,0,0.09304356088964058
14757,0,0.11825274049923155
21399,0,0.10605041277756533
19472,1,0.7269476196162935
1147,0,0.3569170370111356
346,0,0.4043362669370303
20912,0,0.1349302052466052
17295,0,0.09076509654016884
15915,0,0.19263503624094475
26404,0,0.3581690147835746
17191,0,0.11041131910854837
26022,0,0.2732132779964899
23593,1,0.5087428037181763
26355,1,0.5143620623376444
10423,0,0.1723015775836678
12114,0,0.45198796509710826
14854,0,0.13878761908917386
96,1,0.626123228120144
624,0,0.150878757575677
19565,0,0.1502389389511525
1937,0,0.0412806359429007
99,0,0.12803260937900665
22508,0,0.22702604702733747
20918,0,0.3367782532294529
4610,1,0.5848835719742156
14095,0,0.07821780135091942
20793,0,0.13354414347183746
25776,1,0.6161501386863002
22363,0,0.14751957052156223
20216,0,0.08629098979011825
963,0,0.10663166492020336
18075,0,0.06676520513112426
22536,0,0.3827905249902194
25758,1,0.7317591717143682
1456,0,0.07946435029210513
13468,0,0.05532994513100408
3616,0,0.2258842923238366
3581,0,0.09040666079671439
6703,0,0.16186963271369284
4903,0,0.05942841676049722
6435,0,0.2023677644557652
19179,0,0.303401160649102
10424,0,0.31799513798352774
13719,0,0.4943033733980418
2157,0,0.3234645053188151
20865,0,0.14295245174647436
16015,0,0.07535884274159202
7298,0,0.1540610991480538
10341,0,0.30265775179931226
2308,0,0.21028041823098914
2583,0,0.11413328840543967
3077,0,0.03827655100155533
3946,0,0.040687578474399626
2797,0,0.4266215405376304
7784,0,0.21107963683614578
23847,0,0.12305393854944535
5770,0,0.14425703106912313
10914,0,0.12693398343228623
7921,0,0.0990231784016919
13958,0,0.07992486739153007
1346,0,0.049798640833721465
24281,1,0.7718517971566154
20362,0,0.10353034997813185
23815,0,0.10763861198377572
14170,1,0.5876998354456389
19471,0,0.17018137031816122
17234,0,0.0655835804343481
22151,0,0.13715773727694203
14764,0,0.0787779653511905
10175,0,0.0834262737127757
5998,0,0.11492574620117192
22428,0,0.13152648096956793
14910,0,0.08998962557940308
18697,0,0.48373314239029486
10285,0,0.29888319512316736
21448,0,0.18895083760354622
2740,0,0.13788167205808094
19306,0,0.30610498675388237
8483,0,0.22340686260524334
21285,0,0.2507043139681926
26622,0,0.11764478180599174
14032,1,0.5115986324463615
11778,0,0.12633444142156733
15272,0,0.21263160538823167
5284,0,0.138494847322518
3096,0,0.38648209731201894
17394,0,0.1463790016749032
26308,0,0.058769908652043276
14938,0,0.03561395155808334
7326,0,0.3236175456341444
13022,0,0.09812507803989196
9084,1,0.5113642384848621
734,0,0.24291451219785964
19202,0,0.1760420237654492
16089,0,0.13291862505002622
10605,0,0.12533335497582748
23892,0,0.4012469266698783
14299,0,0.15625491834916097
5910,1,0.6745364204396462
4143,0,0.09139045510308101
6815,0,0.04153693723123333
22369,0,0.26429923944959577
25390,0,0.08588125831062296
16912,0,0.08189107807265016
2346,1,0.5672308960980638
10122,0,0.47223709342107495
13837,0,0.13862054514734537
26520,0,0.0828730403412102
2508,0,0.2019051400525777
26517,1,0.5244352755256123
18774,0,0.06689512376136007
22047,0,0.24242754847553905
26067,0,0.08747896777257864
14753,0,0.05681086404695655
23672,0,0.10747984843131571
5871,0,0.15740338425027187
14639,0,0.2804289489922176
19248,0,0.11930860413440093
25992,0,0.24495710904351406
7029,0,0.3670447551105122
16981,1,0.5872888009741275
18164,0,0.45851890061495
11458,0,0.1833675231657685
24286,0,0.12367149160240204
20364,0,0.22958398390472007
10339,1,0.5595463271518596
1510,0,0.06389581488403769
5047,0,0.06905102316501562
17682,0,0.1252880844836038
22137,0,0.10899670020374126
14592,0,0.07612902275084393
14767,0,0.19282272483399487
25722,0,0.4972337036082428
14946,0,0.37904201874496257
2864,0,0.2215516203011071
20774,0,0.40084935584795195
7870,0,0.4506238428306372
21661,0,0.14214347513374387
18353,0,0.05144137680918029
22506,0,0.07645550532622016
16744,0,0.0927638774890695
21289,1,0.5306562190336954
8466,0,0.2418716785869066
194,0,0.38061130159409173
2476,0,0.08998939958427736
21521,0,0.35445712507480953
19505,0,0.06127851888736009
24607,0,0.29008007644724493
18403,0,0.2323001954227623
430,0,0.0626854559598963
11057,0,0.045546758600712306
14094,0,0.21123167859737293
13010,0,0.32765479411321985
15277,0,0.09198419002494278
8443,0,0.37507048508216073
3784,1,0.6168501429775366
5339,0,0.4061818699992117
10802,0,0.42571780207888416
7755,1,0.5185485470112584
24847,0,0.06241302677959784
3874,1,0.6836636928719284
14937,1,0.692430367137848
2851,0,0.09312346845703581
1747,0,0.11570137257194175
2907,0,0.1631766391921543
8936,0,0.2990947556184985
20845,0,0.12716644676199163
1052,1,0.6630275149924045
12644,0,0.08123912589633556
9742,1,0.6090938783000435
9391,0,0.06132953642831441
25526,0,0.12161064548667395
18906,0,0.11093956791009918
24101,0,0.08719450885862798
16115,0,0.07878573226340281
8365,0,0.09405861151017562
14784,0,0.05078868804934194
12506,0,0.11863774106882316
24111,0,0.17671013223596385
19615,1,0.721700262891069
9961,0,0.10388399393797226
12291,0,0.1406996193836819
22507,0,0.2512859982809514
8696,0,0.46894349932141616
25227,0,0.1467155730642955
16966,1,0.6208111273301733
23206,1,0.684326108815872
7885,0,0.15974112781132843
11570,0,0.30779840582699486
25558,0,0.1443524266016947
22451,0,0.2798382012559923
17031,0,0.07382808756389826
12321,0,0.07602156920536696
12136,0,0.10889077726358803
21824,0,0.3752380846521951
17077,0,0.05386972591693312
1808,1,0.6507408578039913
16060,0,0.15561837546173318
718,0,0.21933040105349458
14447,0,0.41082891952810935
20870,0,0.24515890801441625
23408,0,0.30103421653706924
21957,0,0.14467164310129646
4900,1,0.6445773056171435
23463,0,0.05563977931652125
19990,0,0.15575915320264058
20506,0,0.41392026874095555
3200,0,0.047108722618282375
16642,0,0.0579689246197747
9934,0,0.1203127632928992
3100,0,0.08960489219701734
14013,0,0.19185229297488593
4093,1,0.7338810410479661
15951,0,0.04923844205937934
17390,0,0.09282006978994073
12079,0,0.13384919196937559
22723,0,0.08446304828731607
14814,0,0.058626837602096186
20209,0,0.15333484443972836
12428,1,0.6680372976266351
24267,0,0.0724559427578039
3329,0,0.313911824438888
14103,1,0.6273808477284653
12740,0,0.4782735538221166
16407,1,0.5404932240789054
3282,0,0.07806329867663012
11955,0,0.07715750606693253
7268,0,0.05208077086841316
13982,0,0.33241394748195224
21143,0,0.07989026479348399
18995,0,0.0471227812818261
6899,0,0.1360857359378576
25111,0,0.09172262237624461
21857,0,0.16412839700255716
12883,0,0.09840659949421689
16516,0,0.09156639429858666
5048,0,0.23187329345841415
2533,0,0.08617705518759065
10406,0,0.056018183807614905
16752,0,0.05708830896919415
8516,0,0.06035834302926943
5071,0,0.49964332522616794
16591,0,0.1878255249106291
3813,0,0.07679655308280192
14177,0,0.15478189789765393
10989,0,0.2145457690897797
17472,0,0.12329175381335185
10185,0,0.07767264192399465
10398,0,0.17025440507464754
10118,0,0.20119826758846174
8480,1,0.5347942098489598
3922,0,0.12396437606212904
10572,0,0.1877743382482686
11481,0,0.15159228677976588
15807,0,0.09402448921620948
18809,0,0.1811258476812839
16425,0,0.06551797705187307
8777,0,0.06550218590812235
16694,0,0.07062003224818532
1035,0,0.06498339470700586
13720,0,0.0679999027603559
11940,0,0.12161055720696876
4104,0,0.09750657026914453
21557,0,0.1342981674323761
11227,0,0.13476735979816332
17,0,0.23479241394674977
22774,0,0.24641297204759463
23926,0,0.1561792930666509
11476,0,0.06727180857800377
22994,0,0.102904161023986
24976,0,0.0992566786679615
21420,1,0.6029859524785688
2635,0,0.22213259848213845
21570,0,0.35057482732833056
742,1,0.6744500232301242
17996,0,0.051777922144778527
2009,0,0.17570532626540206
16328,0,0.05967951410581203
3064,0,0.3567915787815036
26359,0,0.15373517360057604
10949,0,0.035925104548483126
13561,0,0.03524954307184573
23840,0,0.12801589781245817
2008,0,0.41992617719342684
7893,0,0.1307475743338756
23717,0,0.17135073120498898
15039,0,0.1381841886637335
21203,0,0.040949957428866035
12378,0,0.18472468191605457
26394,1,0.7300038962423961
8977,0,0.10165530981746602
21216,0,0.11653920092688848
16675,0,0.12835988417706348
10369,0,0.3411141578112788
26274,0,0.3381475002656017
10305,1,0.6392356569729355
13019,1,0.5238077102988777
22291,0,0.49101406497501915
14636,0,0.10500715808551489
11018,0,0.058833189409876384
5312,0,0.1758679865161155
2034,0,0.04963537182332492
480,0,0.134029912862745
23407,0,0.10182828462841867
17248,0,0.11761711306153277
1303,0,0.05517950660711862
24374,1,0.5156411834334831
21109,0,0.09768390248088979
25174,1,0.7191774204720949
19683,0,0.16255188253271796
19300,0,0.11606271703502945
5764,0,0.17650114890531263
4080,0,0.134151654859269
5107,0,0.07224631024475257
12560,0,0.12427192079971337
2195,0,0.0757725198843481
15809,0,0.10308973410949777
26672,0,0.10121433652090195
11377,0,0.1307842931204518
5762,0,0.06559415944656104
10806,0,0.05457532212297234
1290,0,0.21645238782781043
9138,0,0.19373608019188832
4306,0,0.4826365731233656
18713,0,0.1202307246227862
11400,0,0.3786003082892096
5953,0,0.18045649403110592
17187,0,0.0668340433356428
19140,0,0.07909529630166208
17830,0,0.1547763669164047
17145,0,0.3894077906976294
16219,0,0.07392790740795045
12110,0,0.05200344156462739
17565,0,0.08569572197244951
15121,0,0.19311464197038533
15561,0,0.1508503811350554
7748,0,0.09285945643749959
3993,0,0.48066157229238526
10224,0,0.10181645463204722
16308,0,0.0546510078287916
22202,0,0.08645015538317453
5799,0,0.12800643545913318
17124,0,0.4323760084160092
18729,0,0.2648184318701572
16404,1,0.7644893544419159
2898,0,0.13485180615737669
19783,0,0.11988625794086583
15136,0,0.21916211736538213
4832,0,0.18534792440408787
25858,1,0.5280317082307936
12687,1,0.7644168697360421
7085,0,0.09731733258174625
24651,0,0.07244124661828004
23378,0,0.15731685477743643
19504,0,0.2074344626928164
4563,0,0.07024617823788054
15550,0,0.15489233087506307
24330,0,0.09017330044705282
13024,0,0.2507168054030276
10826,0,0.1268683999415958
22828,0,0.13751368965656774
26024,0,0.20712988470256924
16113,0,0.14644324690273988
20431,0,0.060017858500668035
10444,0,0.29762762352379957
24448,0,0.3633157784974847
19808,0,0.14190791116335824
23059,0,0.14735399168964616
10939,0,0.13396301516954937
3703,0,0.19386139461097826
22306,0,0.3298304303502402
6052,0,0.422579224722138
25608,1,0.7251080928218537
10881,0,0.15578881254305943
13295,0,0.11491405133984109
2232,0,0.08254650218833876
19919,0,0.2790908253009254
12650,1,0.5361990551580136
4206,0,0.16113904222414038
22982,0,0.07751719408430088
9338,0,0.14906524345521885
12543,0,0.4787451506652159
24141,0,0.13447405087668807
25214,0,0.08975215831645286
17418,0,0.10615836223219127
6224,0,0.050785976997504596
4375,0,0.0747996343977142
12848,0,0.4287228791397402
18338,0,0.2630586019874786
25544,0,0.46015263726965244
18399,0,0.08273297937666312
7427,0,0.34056554026584457
9020,0,0.039404032611822445
5864,0,0.12951464761854242
10059,0,0.040944546050620756
10569,0,0.3967326461269443
11809,0,0.26362664240103717
2715,0,0.04261727608341752
4596,0,0.094202492536339
8937,0,0.13188151410169408
1738,1,0.7451241986679843
17218,1,0.5799207524758351
10562,1,0.6199834277776433
25645,0,0.048579070222781434
21637,0,0.07419078127563704
14620,0,0.4807191382532585
10865,0,0.25052053028068166
1765,0,0.2881815525924628
21733,0,0.06390516511066412
21341,1,0.546629829027004
13023,0,0.03713547352724742
19992,1,0.6504051521442484
7547,0,0.0976895052249574
22264,0,0.19624788668636534
25282,0,0.07291526041200898
3789,0,0.06041322641056088
21131,0,0.1863868643852323
23354,0,0.16824388848532956
11474,0,0.28015886699691345
11198,0,0.04398509693021644
8517,0,0.07071995222282074
9845,1,0.6097107687374411
19651,0,0.17156440063095343
25200,0,0.3006155621796426
9380,0,0.086834957747606
4258,0,0.1595124882970052
8200,0,0.21027370313751942
21789,0,0.09718298458561599
1743,0,0.06510645230873151
20081,0,0.10468485323471594
447,0,0.06473245503710161
21211,0,0.461875637287821
7178,0,0.213786228464387
7819,0,0.08175004961842061
1675,0,0.3552009797814016
25518,0,0.4120171112562788
5215,1,0.5835916792546781
13593,0,0.1332805125766779
13788,0,0.06166008076000861
13427,0,0.1462997175680047
24675,0,0.08319672644073048
20901,0,0.12435996540275467
6091,0,0.07547661833940497
25642,0,0.034466372680595006
11850,0,0.06753021772707109
13227,0,0.09672402724162103
20340,0,0.12027740996768266
20063,1,0.5237592560779362
8270,0,0.052247721820481076
9163,0,0.1746205015778077
25531,0,0.10556315002759105
1121,1,0.6133964460641916
6518,0,0.06561820961616188
520,0,0.07493111515313133
385,0,0.07627703987301883
1741,0,0.14293328172573064
10146,0,0.15431774210889354
4471,0,0.08369852714345784
15971,0,0.1301881310425418
10186,0,0.24009760767072474
13316,0,0.08215911330259817
22416,0,0.47666431028964207
16190,0,0.05494753126275036
8145,0,0.07198337090088568
13677,0,0.10712019596661969
2449,0,0.4278438605452546
17541,0,0.22273118388484492
17989,0,0.12623706663565967
438,0,0.17559710279980018
7877,0,0.07741275577054417
22407,0,0.06489609521811424
3776,0,0.19394674364888734
14624,0,0.11141032348250707
20380,0,0.13729202142575164
482,0,0.12475561299285305
22608,1,0.7131039696104459
8064,0,0.07093470615220346
20928,0,0.11126911441319662
22718,0,0.12207874677485207
18560,1,0.6225909411126208
20512,0,0.15936638272452458
681,0,0.07512148429581102
24148,0,0.06156364753945132
2463,0,0.10163297432737405
8886,0,0.28444342136861933
7109,0,0.1765355624006439
10781,0,0.16745170122699626
12953,0,0.07309115344103813
2566,0,0.3418442667225284
1106,0,0.3456753107585399
5925,0,0.2850354803175345
21252,0,0.10938042718779149
3230,0,0.19494932368363233
3189,0,0.21029155722928844
10318,0,0.256945144484653
10413,0,0.3597519888130203
459,0,0.1614043174292377
2958,0,0.1913013527036548
24924,1,0.6457449333597524
25813,0,0.08330297467991564
23349,0,0.11855293373009392
3035,0,0.07602592393720738
20499,0,0.23613214688567952
1396,0,0.08008183452978992
6812,0,0.06068734383220888
22837,0,0.3307943908301458
24414,0,0.21722614582295627
13583,0,0.14348233751637685
22701,0,0.08912769337653494
7030,1,0.5347012478675484
24978,0,0.42697374981737773
5403,0,0.055514118983987545
24481,1,0.6123116870798636
1201,0,0.14954900035574822
9149,0,0.06990772495651892
7251,0,0.3227770397070697
15286,0,0.18237315314026492
6552,0,0.06637657284350039
8309,0,0.22030256397648654
7585,0,0.18614414149421854
1978,0,0.11705370705032828
4978,0,0.06167051039702929
24554,0,0.11665081508299094
6241,0,0.3802581890202202
15044,0,0.42563300201484244
13768,0,0.07991869777553778
7768,0,0.3049577708547248
24899,0,0.08124417464958411
21663,0,0.10505231816091833
3710,0,0.08834362514201664
9027,0,0.4790843022557606
1940,0,0.0663398769305208
221,0,0.0788059205505473
3901,0,0.12668866930988168
2420,0,0.08546261911356068
7315,0,0.2427896123888117
13557,1,0.5515705725089249
20522,0,0.13812303294114314
16703,0,0.11050746923811335
16203,0,0.11298196254997006
25378,0,0.1624126131136868
15189,0,0.12531953563817871
8459,0,0.21727990562203606
26487,0,0.058843394012674875
13966,0,0.20173854369583524
22616,0,0.16570973080035198
9975,1,0.6541873511461246
10511,0,0.0629752963634918
25779,1,0.538979777392006
1397,0,0.17477592097430364
10852,0,0.14312739551512987
23675,0,0.05519012582732919
9202,0,0.04646797503281903
18095,0,0.14828090940788766
15725,0,0.14740087525423648
19613,0,0.23523934633802143
20653,0,0.12925128265328267
16265,0,0.0667065914129492
10152,0,0.28587892242163493
2020,0,0.0870990467298193
15230,0,0.07107215285112592
20406,0,0.09842851769682402
12637,0,0.13660373700697748
3473,0,0.20273460591805859
25917,0,0.1478879485228325
24772,0,0.08285548627067195
21396,0,0.13013390236193298
8029,1,0.5199245002335535
4738,1,0.5530100162810295
20468,0,0.1098057736981395
15306,0,0.23277368811892019
10936,0,0.3042528186999863
24667,1,0.5274202297043538
13710,0,0.09729717992703094
11177,0,0.16644933403834272
5802,0,0.06074625275200767
24645,0,0.09701649912930582
22217,0,0.3809611736644106
21683,0,0.4026069971956048
20765,1,0.5487014552736647
24947,0,0.05630569819812119
15868,0,0.14709902883433007
7739,1,0.5030492754150994
11153,0,0.15354019681238093
20871,0,0.11869893006520263
18341,0,0.38101628404106913
15381,0,0.32860070052817897
12255,0,0.08995636021809693
6149,0,0.16665826510416182
20646,0,0.1116255151488584
21896,0,0.22825795927869094
16973,0,0.20419501853089184
14856,0,0.10157208237759066
9633,0,0.4780701848470777
2404,0,0.42030815044961384
17366,0,0.3353508040902416
5887,0,0.24116283412649342
16851,0,0.10352756124005769
26078,0,0.3259022855845548
16383,0,0.25101770270671186
127,0,0.28388330664633826
21872,0,0.47145314642009906
21391,0,0.056196739167375595
19764,1,0.5934069014126021
14766,0,0.06395664294055903
3286,0,0.10488683714352245
9440,1,0.5539183710679082
17287,0,0.23013929165690364
5121,0,0.10699903998705322
3366,0,0.15473694985467965
4546,0,0.08245686398665718
6662,0,0.13349513901241944
11466,0,0.060143510329104914
17402,0,0.07074888575803188
21845,0,0.07482084051783161
964,0,0.07178253436177152
7964,0,0.11066961201396353
13978,0,0.04770229062436571
9195,1,0.5799920854359992
12554,0,0.04579290070212141
18414,0,0.07579309138720237
16563,0,0.24669845582004904
23002,0,0.3469024842718306
22937,0,0.3076424208101932
20648,0,0.15325001715163108
17539,0,0.0789033854007585
18069,0,0.23678013805136078
6557,0,0.16315045025693464
6599,0,0.0501619890303831
2173,0,0.46130665277817895
20140,0,0.23048472067121611
2904,0,0.16160013209450905
17233,0,0.0798217653469031
503,0,0.06380709457840449
20694,0,0.2501503816364559
16367,0,0.15474423534692128
20842,1,0.5841859142066604
5090,0,0.12794538973424593
22236,0,0.3508564883620644
25009,1,0.5296572748432349
14395,0,0.055250893536759015
7172,0,0.17427290652415997
10076,0,0.2518116778225138
928,0,0.23285358557860789
12471,0,0.19138411843883074
5210,1,0.7838021356020035
9651,0,0.09028580107472838
23742,0,0.10008482701229862
3707,0,0.09418901863757922
3916,1,0.7098585003711395
4785,0,0.15731678947474992
22531,0,0.0930690238780036
10461,0,0.08394283441624123
16941,0,0.08414884657644174
18041,0,0.2722194139032323
828,0,0.0291838940871543
20505,0,0.13851000601461047
2714,0,0.3478585992788249
12705,0,0.04704302903392021
6422,0,0.0784173486991419
4115,1,0.5708570309581877
26456,0,0.10670316778710034
4461,0,0.2563839293088477
18761,0,0.35752750234997316
22322,1,0.6181762115735456
2434,0,0.3698375522343329
5732,0,0.04526879424587309
9750,0,0.1432753003999374
16728,0,0.039349669910167445
25229,0,0.1259540991839894
24365,0,0.32182489968144756
11773,0,0.1500539892304387
24273,0,0.06334735121702045
12908,0,0.20832426524262082
11715,0,0.2633362210051853
